<!--
 * ***** BEGIN LICENSE BLOCK *****
 * <Zextras Theme is a open source theme for Zimbra>
 * Copyright (C) 2020  Zextras
 *
 * This program is free software: you can redistribute it and/or modify
 * it under the terms of the GNU Affero General Public License as
 * published by the Free Software Foundation, either version 3 of the
 * License, or (at your option) any later version.
 *
 * This program is distributed in the hope that it will be useful,
 * but WITHOUT ANY WARRANTY; without even the implied warranty of
 * MERCHANTABILITY or FITNESS FOR A PARTICULAR PURPOSE.  See the
 * GNU Affero General Public License for more details.
 *
 * You should have received a copy of the GNU Affero General Public License
 * along with this program.  If not, see <https://www.gnu.org/licenses/>.
 * ***** END LICENSE BLOCK *****
-->
<skin>
    <common></common>
    <advanced>
        <substitutions>
            <file>skin.properties</file>
            <file>zextras.properties</file>
        </substitutions>
        <css>
            <file>skin.css</file>
            <file>zextras.css</file>
        </css>
        <script>
            <file>ZmSkin.js</file>
        </script>
        <html>
            <file>skin.html</file>
            <file>splash.html</file>
	    <file>news.html</file>
        </html>
    </advanced>
    <standard>
        <substitutions>
            <file>../_base/base3/skin.properties</file>
            <file>../harmony/skin.properties</file>
        </substitutions>
        <css>
            <file>../../css/zhtml.css</file>
            <file>../_base/base3/zhtml.css</file>
            <file>../_base/base3/skin.css</file>
            <file>../harmony/skin.css</file>
        </css>
    </standard>
</skin>
